{"_type":"export","__export_format":4,"__export_date":"2023-02-28T01:00:27.349Z","__export_source":"insomnia.desktop.app:v2022.7.5","resources":[{"_id":"req_8275e7367ca043ce8905df80bbb20b4c","parentId":"fld_37f33591fdaf4ccdb8e0ab09f58303a1","modified":1677291474624,"created":1677291447579,"url":"{{ _.URL }}/orders","name":"get all","description":"","method":"GET","body":{},"parameters":[],"headers":[],"authentication":{"type":"bearer","token":"{{ _.TOKEN }}"},"metaSortKey":-1677291447579,"isPrivate":false,"settingStoreCookies":true,"settingSendCookies":true,"settingDisableRenderRequestBody":false,"settingEncodeUrl":true,"settingRebuildPath":true,"settingFollowRedirects":"global","_type":"request"},{"_id":"fld_37f33591fdaf4ccdb8e0ab09f58303a1","parentId":"wrk_769cf77da269490cb0e96b8da654b833","modified":1677291446139,"created":1677291446139,"name":"orders","description":"","environment":{},"environmentPropertyOrder":null,"metaSortKey":-1677291446139,"_type":"request_group"},{"_id":"wrk_769cf77da269490cb0e96b8da654b833","parentId":null,"modified":1677233824807,"created":1677233824807,"name":"Amazon v2","description":"","scope":"collection","_type":"workspace"},{"_id":"req_1fd749f3a59e44289d31226e6c05dfd0","parentId":"fld_37f33591fdaf4ccdb8e0ab09f58303a1","modified":1677488187142,"created":1677487203770,"url":"{{ _.URL }}/orders","name":"place order","description":"","method":"POST","body":{"mimeType":"application/json","text":"{\n\t\"items\": [\n\t\t{\n\t\t\t\"price\": 10,\n\t\t\t\"productId\": 2,\n\t\t\t\"quantity\": 1\n\t\t},\n\t\t{\n\t\t\t\"price\": 30,\n\t\t\t\"productId\": 2,\n\t\t\t\"quantity\": 1\n\t\t},\n\t\t{\n\t\t\t\"price\": 110,\n\t\t\t\"productId\": 2,\n\t\t\t\"quantity\": 2\n\t\t}\n\t]\n}"},"parameters":[],"headers":[{"name":"Content-Type","value":"application/json"}],"authentication":{"type":"bearer","token":"{{ _.TOKEN }}"},"metaSortKey":-1675129430022,"isPrivate":false,"settingStoreCookies":true,"settingSendCookies":true,"settingDisableRenderRequestBody":false,"settingEncodeUrl":true,"settingRebuildPath":true,"settingFollowRedirects":"global","_type":"request"},{"_id":"req_0e9ec175f21d4625af898a79882e5e0b","parentId":"fld_7e3a992114a44c4d8161f7bfda2427f5","modified":1677291520396,"created":1677291483037,"url":"{{ _.URL }}/payments","name":"create payment","description":"","method":"POST","body":{"mimeType":"application/json","text":"{\n\t\"amount\": 100\n}"},"parameters":[],"headers":[{"name":"Content-Type","value":"application/json"}],"authentication":{"type":"bearer","token":"{{ _.TOKEN }}"},"metaSortKey":-1677291447579,"isPrivate":false,"settingStoreCookies":true,"settingSendCookies":true,"settingDisableRenderRequestBody":false,"settingEncodeUrl":true,"settingRebuildPath":true,"settingFollowRedirects":"global","_type":"request"},{"_id":"fld_7e3a992114a44c4d8161f7bfda2427f5","parentId":"wrk_769cf77da269490cb0e96b8da654b833","modified":1677291483035,"created":1677291483035,"name":"payments","description":"","environment":{},"environmentPropertyOrder":null,"metaSortKey":-1677221004460,"_type":"request_group"},{"_id":"req_853ee6b1af8348dfbf098aa1c179b244","parentId":"fld_26cdd0bc300e4447ba720d97e38e809b","modified":1677233824839,"created":1677233824839,"url":"{{ _.URL }}/statistics/main","name":"main","description":"","method":"GET","body":{},"parameters":[],"headers":[],"authentication":{"type":"bearer","token":"{{ _.TOKEN }}"},"metaSortKey":-1658739315448,"isPrivate":false,"settingStoreCookies":true,"settingSendCookies":true,"settingDisableRenderRequestBody":false,"settingEncodeUrl":true,"settingRebuildPath":true,"settingFollowRedirects":"global","_type":"request"},{"_id":"fld_26cdd0bc300e4447ba720d97e38e809b","parentId":"wrk_769cf77da269490cb0e96b8da654b833","modified":1677233824838,"created":1677233824838,"name":"statistics","description":"","environment":{},"environmentPropertyOrder":null,"metaSortKey":-1658739309011,"_type":"request_group"},{"_id":"req_1d50e335cbdd42e99c852d512dc33621","parentId":"fld_edb3ea4bd45b41d69999e4f67635d58a","modified":1677388824007,"created":1677233824842,"url":"{{ _.URL }}/categories","name":"create","description":"","method":"POST","body":{"mimeType":"application/json","text":""},"parameters":[],"headers":[{"name":"Content-Type","value":"application/json"}],"authentication":{"type":"bearer","token":"{{ _.TOKEN }}"},"metaSortKey":-1651035755690,"isPrivate":false,"settingStoreCookies":true,"settingSendCookies":true,"settingDisableRenderRequestBody":false,"settingEncodeUrl":true,"settingRebuildPath":true,"settingFollowRedirects":"global","_type":"request"},{"_id":"fld_edb3ea4bd45b41d69999e4f67635d58a","parentId":"wrk_769cf77da269490cb0e96b8da654b833","modified":1677289019453,"created":1677233824841,"name":"categories","description":"","environment":{},"environmentPropertyOrder":null,"metaSortKey":-1654886027722.2656,"_type":"request_group"},{"_id":"req_47d65e53e3754ac88c943c0db27622e1","parentId":"fld_edb3ea4bd45b41d69999e4f67635d58a","modified":1677388829646,"created":1677233824843,"url":"{{ _.URL }}/categories/14","name":"update","description":"","method":"PUT","body":{"mimeType":"application/json","text":"{\n\t\"name\": \"Smartphones\" \n}"},"parameters":[],"headers":[{"name":"Content-Type","value":"application/json","id":"pair_07409faff9b748c2b0b14990b359d07a"}],"authentication":{"type":"bearer","token":"{{ _.TOKEN }}"},"metaSortKey":-1651035755640,"isPrivate":false,"settingStoreCookies":true,"settingSendCookies":true,"settingDisableRenderRequestBody":false,"settingEncodeUrl":true,"settingRebuildPath":true,"settingFollowRedirects":"global","_type":"request"},{"_id":"req_dec654ad40fb4263858cadf5bb331313","parentId":"fld_edb3ea4bd45b41d69999e4f67635d58a","modified":1677388860625,"created":1677233824844,"url":"{{ _.URL }}/categories/15","name":"delete","description":"","method":"DELETE","body":{},"parameters":[],"headers":[],"authentication":{"type":"bearer","token":"{{ _.TOKEN }}"},"metaSortKey":-1651035755590,"isPrivate":false,"settingStoreCookies":true,"settingSendCookies":true,"settingDisableRenderRequestBody":false,"settingEncodeUrl":true,"settingRebuildPath":true,"settingFollowRedirects":"global","_type":"request"},{"_id":"req_f4e1ecbe5f1f4d90b0c4e01093ebbcfb","parentId":"fld_edb3ea4bd45b41d69999e4f67635d58a","modified":1677291044731,"created":1677233824845,"url":"{{ _.URL }}/categories/11","name":"get by id","description":"","method":"GET","body":{},"parameters":[],"headers":[],"authentication":{"type":"bearer","token":"{{ _.TOKEN }}"},"metaSortKey":-1651035755540,"isPrivate":false,"settingStoreCookies":true,"settingSendCookies":true,"settingDisableRenderRequestBody":false,"settingEncodeUrl":true,"settingRebuildPath":true,"settingFollowRedirects":"global","_type":"request"},{"_id":"req_eaea9c517cde4e78bf41c1e4e99ca29c","parentId":"fld_edb3ea4bd45b41d69999e4f67635d58a","modified":1677388870867,"created":1677233824846,"url":"{{ _.URL }}/categories/by-slug/books","name":"get by slug","description":"","method":"GET","body":{},"parameters":[],"headers":[],"authentication":{"type":"bearer","token":"{{ _.TOKEN }}"},"metaSortKey":-1651035755490,"isPrivate":false,"settingStoreCookies":true,"settingSendCookies":true,"settingDisableRenderRequestBody":false,"settingEncodeUrl":true,"settingRebuildPath":true,"settingFollowRedirects":"global","_type":"request"},{"_id":"req_219072e414764a6fb8e3deee573cc62c","parentId":"fld_950dbf10558f474db1cecda48ac29c90","modified":1677393949041,"created":1677233824848,"url":"{{ _.URL }}/products/12","name":"get by id","description":"","method":"GET","body":{},"parameters":[],"headers":[],"authentication":{"type":"bearer","token":"{{ _.TOKEN }}"},"metaSortKey":-1651037365188.5,"isPrivate":false,"settingStoreCookies":true,"settingSendCookies":true,"settingDisableRenderRequestBody":false,"settingEncodeUrl":true,"settingRebuildPath":true,"settingFollowRedirects":"global","_type":"request"},{"_id":"fld_950dbf10558f474db1cecda48ac29c90","parentId":"wrk_769cf77da269490cb0e96b8da654b833","modified":1677286230735,"created":1677233824841,"name":"products","description":"","environment":{},"environmentPropertyOrder":null,"metaSortKey":-1651032746433.5312,"_type":"request_group"},{"_id":"req_d5318ee4a6aa44b598cf0733044910a1","parentId":"fld_950dbf10558f474db1cecda48ac29c90","modified":1677394037812,"created":1677233824855,"url":"{{ _.URL }}/products/by-slug/handmade-fresh-tuna","name":"get by slug","description":"","method":"GET","body":{},"parameters":[],"headers":[],"authentication":{"type":"bearer","token":"{{ _.TOKEN }}"},"metaSortKey":-1651037164004.3125,"isPrivate":false,"settingStoreCookies":true,"settingSendCookies":true,"settingDisableRenderRequestBody":false,"settingEncodeUrl":true,"settingRebuildPath":true,"settingFollowRedirects":"global","_type":"request"},{"_id":"req_b019536fa6ab46469cfe6bf4183dc0f5","parentId":"fld_950dbf10558f474db1cecda48ac29c90","modified":1677481424354,"created":1677233824849,"url":"{{ _.URL }}/products","name":"get all","description":"","method":"GET","body":{},"parameters":[{"id":"pair_e5d0e5c0ab364ac98322139dd48aa270","name":"searchTerm","value":"iphone 11","description":"","disabled":false},{"id":"pair_207f9b4ce86a4e93b269cda171a51ac0","name":"sort","value":"low-price","description":"","disabled":true}],"headers":[],"authentication":{},"metaSortKey":-1651036962820.125,"isPrivate":false,"settingStoreCookies":true,"settingSendCookies":true,"settingDisableRenderRequestBody":false,"settingEncodeUrl":true,"settingRebuildPath":true,"settingFollowRedirects":"global","_type":"request"},{"_id":"req_fe6988794b94400bb6d31395ca896b12","parentId":"fld_950dbf10558f474db1cecda48ac29c90","modified":1677290912495,"created":1677233824854,"url":"{{ _.URL }}/products/by-category/garden","name":"get all by category","description":"","method":"GET","body":{},"parameters":[{"id":"pair_15253a1d212c4fed8d37fe2c5b2a5274","name":"page","value":"1","description":"","disabled":false},{"id":"pair_6bb78560a3634433b7286b6c46d7c537","name":"perPage","value":"2","description":"","disabled":false}],"headers":[],"authentication":{"type":"bearer","token":"{{ _.TOKEN }}"},"metaSortKey":-1651036937672.1016,"isPrivate":false,"settingStoreCookies":true,"settingSendCookies":true,"settingDisableRenderRequestBody":false,"settingEncodeUrl":true,"settingRebuildPath":true,"settingFollowRedirects":"global","_type":"request"},{"_id":"req_6e3cb6cf716e4da28d7e372da245a0a3","parentId":"fld_950dbf10558f474db1cecda48ac29c90","modified":1677394067146,"created":1677233824853,"url":"{{ _.URL }}/products/similar/12","name":"get similar","description":"","method":"GET","body":{},"parameters":[],"headers":[],"authentication":{"type":"bearer","token":"{{ _.TOKEN }}","disabled":true},"metaSortKey":-1651036912524.0781,"isPrivate":false,"settingStoreCookies":true,"settingSendCookies":true,"settingDisableRenderRequestBody":false,"settingEncodeUrl":true,"settingRebuildPath":true,"settingFollowRedirects":"global","_type":"request"},{"_id":"req_844fbe0688b2449eb1a2549f5c47388b","parentId":"fld_950dbf10558f474db1cecda48ac29c90","modified":1677290935739,"created":1677233824847,"url":"{{ _.URL }}/products","name":"create","description":"","method":"POST","body":{},"parameters":[],"headers":[],"authentication":{"type":"bearer","token":"{{ _.TOKEN }}"},"metaSortKey":-1651035755715,"isPrivate":false,"settingStoreCookies":true,"settingSendCookies":true,"settingDisableRenderRequestBody":false,"settingEncodeUrl":true,"settingRebuildPath":true,"settingFollowRedirects":"global","_type":"request"},{"_id":"req_79c8207eeafa46dfa4cbbcc61b4f7653","parentId":"fld_950dbf10558f474db1cecda48ac29c90","modified":1677394085275,"created":1677233824850,"url":"{{ _.URL }}/products/24","name":"update","description":"","method":"PUT","body":{"mimeType":"application/json","text":"{\n\t\"name\": \"iPhone 11\",\n\t\"price\": 1300,\n\t\"images\": [\n\t\t\"https://www.aptronixindia.com/media/catalog/product/i/p/iphone_14_pro_deep_purple_pdp_image_position-1a_avail__en-in.jpg\"\n\t],\n\t\"categoryId\": 16\n}"},"parameters":[],"headers":[{"name":"Content-Type","value":"application/json","id":"pair_07409faff9b748c2b0b14990b359d07a"}],"authentication":{"type":"bearer","token":"{{ _.TOKEN }}"},"metaSortKey":-1651034146241.5,"isPrivate":false,"settingStoreCookies":true,"settingSendCookies":true,"settingDisableRenderRequestBody":false,"settingEncodeUrl":true,"settingRebuildPath":true,"settingFollowRedirects":"global","_type":"request"},{"_id":"req_992604cb621e4f8aafc4b3c6f6b5ae8f","parentId":"fld_950dbf10558f474db1cecda48ac29c90","modified":1677394114879,"created":1677233824851,"url":"{{ _.URL }}/products/25","name":"delete","description":"","method":"DELETE","body":{},"parameters":[],"headers":[],"authentication":{"type":"bearer","token":"{{ _.TOKEN }}"},"metaSortKey":-1651033341504.75,"isPrivate":false,"settingStoreCookies":true,"settingSendCookies":true,"settingDisableRenderRequestBody":false,"settingEncodeUrl":true,"settingRebuildPath":true,"settingFollowRedirects":"global","_type":"request"},{"_id":"req_1ad51e644f4443e3b17cf0a896bfb373","parentId":"fld_45843aea81c84f578ec7e27b97f08a58","modified":1677389718058,"created":1677233824859,"url":"{{ _.URL }}/reviews","name":"get all","description":"","method":"GET","body":{},"parameters":[],"headers":[],"authentication":{},"metaSortKey":-1651036962820.125,"isPrivate":false,"settingStoreCookies":true,"settingSendCookies":true,"settingDisableRenderRequestBody":false,"settingEncodeUrl":true,"settingRebuildPath":true,"settingFollowRedirects":"global","_type":"request"},{"_id":"fld_45843aea81c84f578ec7e27b97f08a58","parentId":"wrk_769cf77da269490cb0e96b8da654b833","modified":1677233824857,"created":1677233824857,"name":"reviews","description":"","environment":{},"environmentPropertyOrder":null,"metaSortKey":-1651032683127.0469,"_type":"request_group"},{"_id":"req_e70adffc6d6643a9a66cade772249f57","parentId":"fld_45843aea81c84f578ec7e27b97f08a58","modified":1677389773562,"created":1677233824857,"url":"{{ _.URL }}/reviews/leave/12","name":"create","description":"","method":"POST","body":{"mimeType":"application/json","text":"{\n\t\"rating\": 4,\n\t\"text\": \"wegwegwegwerg werg w4eg w wetgwer\"\n}"},"parameters":[],"headers":[{"name":"Content-Type","value":"application/json"}],"authentication":{"type":"bearer","token":"{{ _.TOKEN }}"},"metaSortKey":-1651035755715,"isPrivate":false,"settingStoreCookies":true,"settingSendCookies":true,"settingDisableRenderRequestBody":false,"settingEncodeUrl":true,"settingRebuildPath":true,"settingFollowRedirects":"global","_type":"request"},{"_id":"req_0a198050612b4fec823e4b5b4518be83","parentId":"fld_f74e72af7b8c4deebd71ff57f66e4627","modified":1677233824821,"created":1677233824821,"url":"{{ _.URL }}/users/profile/favorites/1","name":"toggle favorites","description":"","method":"PATCH","body":{},"parameters":[],"headers":[],"authentication":{"type":"bearer","token":"{{ _.TOKEN }}"},"metaSortKey":-1657338422766,"isPrivate":false,"settingStoreCookies":true,"settingSendCookies":true,"settingDisableRenderRequestBody":false,"settingEncodeUrl":true,"settingRebuildPath":true,"settingFollowRedirects":"global","_type":"request"},{"_id":"fld_f74e72af7b8c4deebd71ff57f66e4627","parentId":"wrk_769cf77da269490cb0e96b8da654b833","modified":1677233824818,"created":1677233824818,"name":"users","description":"","environment":{},"environmentPropertyOrder":null,"metaSortKey":-1651030847239,"_type":"request_group"},{"_id":"req_77d0296b2dc7494bb6a980fb271022dd","parentId":"fld_f74e72af7b8c4deebd71ff57f66e4627","modified":1677380605520,"created":1677233824819,"url":"{{ _.URL }}/users/profile","name":"update profile","description":"","method":"PUT","body":{"mimeType":"application/json","text":"{\n\t\"email\": \"test@test.ru\"\n}"},"parameters":[],"headers":[{"name":"Content-Type","value":"application/json","id":"pair_4e12961ea0514b4a99a7863362f6f1a6"}],"authentication":{"type":"bearer","token":"{{ _.TOKEN }}"},"metaSortKey":-1650273950060.0625,"isPrivate":false,"settingStoreCookies":true,"settingSendCookies":true,"settingDisableRenderRequestBody":false,"settingEncodeUrl":true,"settingRebuildPath":true,"settingFollowRedirects":"global","_type":"request"},{"_id":"req_4e9f84c79317463d9616800f07611fc4","parentId":"fld_f74e72af7b8c4deebd71ff57f66e4627","modified":1677233824818,"created":1677233824818,"url":"{{ _.URL }}/users/profile","name":"user/profile","description":"","method":"GET","body":{},"parameters":[],"headers":[],"authentication":{"type":"bearer","token":"{{ _.TOKEN }}"},"metaSortKey":-1650153901462.875,"isPrivate":false,"settingStoreCookies":true,"settingSendCookies":true,"settingDisableRenderRequestBody":false,"settingEncodeUrl":true,"settingRebuildPath":true,"settingFollowRedirects":"global","_type":"request"},{"_id":"req_0f02254f339c468b815ac47f82ee1cf8","parentId":"fld_ade5fbedb5264504ba1c21f08cf62958","modified":1677377416432,"created":1677233824814,"url":"{{ _.URL }}/auth/login","name":"auth/login","description":"","method":"POST","body":{"mimeType":"application/json","text":"{\n\t\"email\": \"test@test.ru\",\n\t\"password\": \"123456\"\n}"},"parameters":[],"headers":[{"name":"Content-Type","value":"application/json","id":"pair_4e12961ea0514b4a99a7863362f6f1a6"}],"authentication":{"type":"bearer","token":""},"metaSortKey":-1650874193046,"isPrivate":false,"settingStoreCookies":true,"settingSendCookies":true,"settingDisableRenderRequestBody":false,"settingEncodeUrl":true,"settingRebuildPath":true,"settingFollowRedirects":"global","_type":"request"},{"_id":"fld_ade5fbedb5264504ba1c21f08cf62958","parentId":"wrk_769cf77da269490cb0e96b8da654b833","modified":1677233824813,"created":1677233824813,"name":"auth","description":"","environment":{},"environmentPropertyOrder":null,"metaSortKey":-1650874177787,"_type":"request_group"},{"_id":"req_08478cc5d9ce4246970a97cdc63028ad","parentId":"fld_ade5fbedb5264504ba1c21f08cf62958","modified":1677377431329,"created":1677233824816,"url":"{{ _.URL }}/auth/login/access-token","name":"auth/login/access-token","description":"","method":"POST","body":{"mimeType":"application/json","text":"{\n\t\"refreshToken\": \"eyJhbGciOiJIUzI1NiIsInR5cCI6IkpXVCJ9.eyJpZCI6MSwiaWF0IjoxNjc3Mzc3NDE3LCJleHAiOjE2Nzc5ODIyMTd9.wYVJDErXYJFXcyIrvFghuL9Ig-aLLK027BYCLxG8xGw\"\n}"},"parameters":[],"headers":[{"name":"Content-Type","value":"application/json","id":"pair_4e12961ea0514b4a99a7863362f6f1a6"}],"authentication":{},"metaSortKey":-1650574071553.0312,"isPrivate":false,"settingStoreCookies":true,"settingSendCookies":true,"settingDisableRenderRequestBody":false,"settingEncodeUrl":true,"settingRebuildPath":true,"settingFollowRedirects":"global","_type":"request"},{"_id":"req_d877c89aa5014a48a548360147450217","parentId":"fld_ade5fbedb5264504ba1c21f08cf62958","modified":1677376748959,"created":1677233824815,"url":"{{ _.URL }}/auth/register","name":"auth/register","description":"","method":"POST","body":{"mimeType":"application/json","text":"{\n\t\"email\": \"test@test.ru\",\n\t\"password\": \"123456\"\n}"},"parameters":[],"headers":[{"name":"Content-Type","value":"application/json","id":"pair_4e12961ea0514b4a99a7863362f6f1a6"}],"authentication":{},"metaSortKey":-1649913804268.5,"isPrivate":false,"settingStoreCookies":true,"settingSendCookies":true,"settingDisableRenderRequestBody":false,"settingEncodeUrl":true,"settingRebuildPath":true,"settingFollowRedirects":"global","_type":"request"},{"_id":"env_cf34dd2d94074b92aa2a5ad86b30c558","parentId":"wrk_769cf77da269490cb0e96b8da654b833","modified":1677488157774,"created":1677233824808,"name":"Base Environment","data":{"URL":"http://localhost:4200/api","TOKEN":"eyJhbGciOiJIUzI1NiIsInR5cCI6IkpXVCJ9.eyJpZCI6MSwiaWF0IjoxNjc3NDg4MDQ5LCJleHAiOjE2Nzc0OTE2NDl9.QzMFxsBy7TlbuXVJYTV5_Zsoh62E6PVD4fqZBNTBC5Q"},"dataPropertyOrder":{"&":["URL","TOKEN"]},"color":null,"isPrivate":false,"metaSortKey":1650874141515,"_type":"environment"},{"_id":"jar_75a9f9a7e06742c4bda6743795b352e1","parentId":"wrk_769cf77da269490cb0e96b8da654b833","modified":1677233824810,"created":1677233824810,"name":"Default Jar","cookies":[],"_type":"cookie_jar"},{"_id":"spc_924cb411a2ed4a10a0d91b6f2cdbd0f5","parentId":"wrk_769cf77da269490cb0e96b8da654b833","modified":1677233824866,"created":1677233824811,"fileName":"Amazon v2","contents":"","contentType":"yaml","_type":"api_spec"}]}